{
  "lives": 3,
  "kills": 30,
  "shots": 46,
  "deaths": 0,
  "time": 175.419266,
  "bestTime": 175.419266
}